dateCreated,hours,sessions,quotes,transactions,sessionConversion,quoteConversion
01/10/2024,23,252,69,4,0.0159,0.058
01/10/2024,22,294,125,20,0.068,0.16
01/10/2024,21,375,154,22,0.0587,0.1429
01/10/2024,20,402,175,34,0.0846,0.1943
01/10/2024,19,377,164,27,0.0716,0.1646
01/10/2024,18,430,186,27,0.0628,0.1452
01/10/2024,17,487,211,37,0.076,0.1754
01/10/2024,16,606,291,51,0.0842,0.1753
01/10/2024,15,585,283,62,0.106,0.2191
01/10/2024,14,641,323,74,0.1154,0.2291
01/10/2024,13,664,304,71,0.1069,0.2336
01/10/2024,12,591,310,64,0.1083,0.2065
01/10/2024,11,754,354,69,0.0915,0.1949
01/10/2024,10,638,269,69,0.1082,0.2565
01/10/2024,9,595,289,59,0.0992,0.2042
01/10/2024,8,574,153,19,0.0331,0.1242
01/10/2024,7,387,175,7,0.0181,0.04
01/10/2024,6,221,64,3,0.0136,0.0469
01/10/2024,5,163,20,0,0,0
01/10/2024,4,183,18,0,0,0
01/10/2024,3,144,10,1,0.0069,0.1
01/10/2024,2,1014,881,1,0.001,0.0011
01/10/2024,1,188,32,0,0,0
01/10/2024,0,214,40,3,0.014,0.075
02/10/2024,23,273,67,8,0.0293,0.1194
02/10/2024,22,322,133,11,0.0342,0.0827
02/10/2024,21,394,173,25,0.0635,0.1445
02/10/2024,20,354,151,21,0.0593,0.1391
02/10/2024,19,417,162,25,0.06,0.1543
02/10/2024,18,492,203,41,0.0833,0.202
02/10/2024,17,544,251,33,0.0607,0.1315
02/10/2024,16,1357,273,46,0.0339,0.1685
02/10/2024,15,599,316,58,0.0968,0.1835
02/10/2024,14,771,283,55,0.0713,0.1943
02/10/2024,13,796,307,58,0.0729,0.1889
02/10/2024,12,659,364,67,0.1017,0.1841
02/10/2024,11,1233,327,83,0.0673,0.2538
02/10/2024,10,935,313,68,0.0727,0.2173
02/10/2024,9,821,244,52,0.0633,0.2131
02/10/2024,8,424,147,24,0.0566,0.1633
02/10/2024,7,370,162,9,0.0243,0.0556
02/10/2024,6,224,72,2,0.0089,0.0278
02/10/2024,5,175,21,3,0.0171,0.1429
02/10/2024,4,153,19,0,0,0
02/10/2024,3,162,20,1,0.0062,0.05
02/10/2024,2,161,21,2,0.0124,0.0952
02/10/2024,1,175,26,0,0,0
02/10/2024,0,191,32,1,0.0052,0.0313
03/10/2024,23,274,79,12,0.0438,0.1519
03/10/2024,22,315,134,18,0.0571,0.1343
03/10/2024,21,389,161,30,0.0771,0.1863
03/10/2024,20,408,172,19,0.0466,0.1105
03/10/2024,19,433,167,25,0.0577,0.1497
03/10/2024,18,370,161,31,0.0838,0.1925
03/10/2024,17,521,207,31,0.0595,0.1498
03/10/2024,16,558,278,41,0.0735,0.1475
03/10/2024,15,621,299,54,0.087,0.1806
03/10/2024,14,711,327,60,0.0844,0.1835
03/10/2024,13,570,262,51,0.0895,0.1947
03/10/2024,12,665,309,74,0.1113,0.2395
03/10/2024,11,1069,347,69,0.0645,0.1988
03/10/2024,10,648,329,57,0.088,0.1733
03/10/2024,9,610,290,44,0.0721,0.1517
03/10/2024,8,398,138,24,0.0603,0.1739
03/10/2024,7,367,150,10,0.0272,0.0667
03/10/2024,6,203,68,4,0.0197,0.0588
03/10/2024,5,174,25,4,0.023,0.16
03/10/2024,4,167,19,1,0.006,0.0526
03/10/2024,3,145,18,0,0,0
03/10/2024,2,148,21,0,0,0
03/10/2024,1,168,28,2,0.0119,0.0714
03/10/2024,0,214,40,3,0.014,0.075
04/10/2024,23,230,53,8,0.0348,0.1509
04/10/2024,22,266,73,8,0.0301,0.1096
04/10/2024,21,265,78,15,0.0566,0.1923
04/10/2024,20,316,100,14,0.0443,0.14
04/10/2024,19,309,124,15,0.0485,0.121
04/10/2024,18,527,116,20,0.038,0.1724
04/10/2024,17,413,155,23,0.0557,0.1484
04/10/2024,16,468,215,43,0.0919,0.2
04/10/2024,15,542,259,45,0.083,0.1737
04/10/2024,14,652,265,61,0.0936,0.2302
04/10/2024,13,607,290,61,0.1005,0.2103
04/10/2024,12,623,290,68,0.1091,0.2345
04/10/2024,11,639,307,60,0.0939,0.1954
04/10/2024,10,628,294,65,0.1035,0.2211
04/10/2024,9,577,290,49,0.0849,0.169
04/10/2024,8,519,169,24,0.0462,0.142
04/10/2024,7,386,158,5,0.013,0.0316
04/10/2024,6,200,56,3,0.015,0.0536
04/10/2024,5,166,22,3,0.0181,0.1364
04/10/2024,4,147,18,0,0,0
04/10/2024,3,147,12,1,0.0068,0.0833
04/10/2024,2,185,15,1,0.0054,0.0667
04/10/2024,1,233,19,1,0.0043,0.0526
04/10/2024,0,211,43,4,0.019,0.093
05/10/2024,23,321,54,0,0,0
05/10/2024,22,337,78,5,0.0148,0.0641
05/10/2024,21,321,76,3,0.0093,0.0395
05/10/2024,20,365,95,6,0.0164,0.0632
05/10/2024,19,375,95,13,0.0347,0.1368
05/10/2024,18,380,102,5,0.0132,0.049
05/10/2024,17,368,130,11,0.0299,0.0846
05/10/2024,16,713,126,24,0.0337,0.1905
05/10/2024,15,693,141,22,0.0317,0.156
05/10/2024,14,724,144,19,0.0262,0.1319
05/10/2024,13,734,162,18,0.0245,0.1111
05/10/2024,12,595,148,20,0.0336,0.1351
05/10/2024,11,415,154,16,0.0386,0.1039
05/10/2024,10,433,151,17,0.0393,0.1126
05/10/2024,9,506,115,7,0.0138,0.0609
05/10/2024,8,286,86,6,0.021,0.0698
05/10/2024,7,320,147,1,0.0031,0.0068
05/10/2024,6,202,68,3,0.0149,0.0441
05/10/2024,5,147,10,0,0,0
05/10/2024,4,146,15,0,0,0
05/10/2024,3,134,13,0,0,0
05/10/2024,2,145,12,0,0,0
05/10/2024,1,165,12,1,0.0061,0.0833
05/10/2024,0,188,37,2,0.0106,0.0541
06/10/2024,23,243,76,8,0.0329,0.1053
06/10/2024,22,285,104,13,0.0456,0.125
06/10/2024,21,313,129,19,0.0607,0.1473
06/10/2024,20,365,159,23,0.063,0.1447
06/10/2024,19,383,175,15,0.0392,0.0857
06/10/2024,18,355,155,24,0.0676,0.1548
06/10/2024,17,395,175,33,0.0835,0.1886
06/10/2024,16,427,224,32,0.0749,0.1429
06/10/2024,15,363,146,29,0.0799,0.1986
06/10/2024,14,345,144,18,0.0522,0.125
06/10/2024,13,379,153,24,0.0633,0.1569
06/10/2024,12,356,161,14,0.0393,0.087
06/10/2024,11,355,178,22,0.062,0.1236
06/10/2024,10,341,146,18,0.0528,0.1233
06/10/2024,9,267,87,8,0.03,0.092
06/10/2024,8,237,79,11,0.0464,0.1392
06/10/2024,7,310,130,4,0.0129,0.0308
06/10/2024,6,182,49,2,0.011,0.0408
06/10/2024,5,154,19,1,0.0065,0.0526
06/10/2024,4,134,11,1,0.0075,0.0909
06/10/2024,3,132,7,0,0,0
06/10/2024,2,149,13,0,0,0
06/10/2024,1,172,28,0,0,0
06/10/2024,0,250,36,1,0.004,0.0278
07/10/2024,23,243,76,7,0.0288,0.0921
07/10/2024,22,308,134,12,0.039,0.0896
07/10/2024,21,408,160,33,0.0809,0.2063
07/10/2024,20,450,222,34,0.0756,0.1532
07/10/2024,19,437,192,31,0.0709,0.1615
07/10/2024,18,524,207,26,0.0496,0.1256
07/10/2024,17,621,262,50,0.0805,0.1908
07/10/2024,16,697,314,60,0.0861,0.1911
07/10/2024,15,760,419,82,0.1079,0.1957
07/10/2024,14,687,340,67,0.0975,0.1971
07/10/2024,13,704,339,54,0.0767,0.1593
07/10/2024,12,751,403,86,0.1145,0.2134
07/10/2024,11,841,361,89,0.1058,0.2465
07/10/2024,10,739,392,77,0.1042,0.1964
07/10/2024,9,541,275,55,0.1017,0.2
07/10/2024,8,454,179,34,0.0749,0.1899
07/10/2024,7,373,171,9,0.0241,0.0526
07/10/2024,6,219,84,3,0.0137,0.0357
07/10/2024,5,155,15,0,0,0
07/10/2024,4,155,21,1,0.0065,0.0476
07/10/2024,3,154,21,2,0.013,0.0952
07/10/2024,2,155,21,3,0.0194,0.1429
07/10/2024,1,179,34,3,0.0168,0.0882
07/10/2024,0,159,30,3,0.0189,0.1
08/10/2024,23,486,95,11,0.0226,0.1158
08/10/2024,22,591,131,12,0.0203,0.0916
08/10/2024,21,645,158,21,0.0326,0.1329
08/10/2024,20,796,225,33,0.0415,0.1467
08/10/2024,19,555,203,26,0.0468,0.1281
08/10/2024,18,708,212,39,0.0551,0.184
08/10/2024,17,618,241,50,0.0809,0.2075
08/10/2024,16,821,303,61,0.0743,0.2013
08/10/2024,15,1086,332,69,0.0635,0.2078
08/10/2024,14,751,371,83,0.1105,0.2237
08/10/2024,13,613,336,57,0.093,0.1696
08/10/2024,12,694,363,58,0.0836,0.1598
08/10/2024,11,870,456,89,0.1023,0.1952
08/10/2024,10,647,365,71,0.1097,0.1945
08/10/2024,9,523,291,43,0.0822,0.1478
08/10/2024,8,354,155,27,0.0763,0.1742
08/10/2024,7,301,132,5,0.0166,0.0379
08/10/2024,6,166,76,5,0.0301,0.0658
08/10/2024,5,119,34,0,0,0
08/10/2024,4,104,23,5,0.0481,0.2174
08/10/2024,3,93,12,1,0.0108,0.0833
08/10/2024,2,970,898,1,0.001,0.0011
08/10/2024,1,125,35,4,0.032,0.1143
08/10/2024,0,175,56,3,0.0171,0.0536
09/10/2024,23,195,71,7,0.0359,0.0986
09/10/2024,22,253,123,13,0.0514,0.1057
09/10/2024,21,310,151,23,0.0742,0.1523
09/10/2024,20,337,163,18,0.0534,0.1104
09/10/2024,19,379,178,25,0.066,0.1404
09/10/2024,18,406,222,33,0.0813,0.1486
09/10/2024,17,479,226,48,0.1002,0.2124
09/10/2024,16,559,293,55,0.0984,0.1877
09/10/2024,15,571,331,64,0.1121,0.1934
09/10/2024,14,624,360,75,0.1202,0.2083
09/10/2024,13,610,338,71,0.1164,0.2101
09/10/2024,12,630,344,61,0.0968,0.1773
09/10/2024,11,654,354,84,0.1284,0.2373
09/10/2024,10,604,333,69,0.1142,0.2072
09/10/2024,9,427,222,42,0.0984,0.1892
09/10/2024,8,390,171,31,0.0795,0.1813
09/10/2024,7,306,148,11,0.0359,0.0743
09/10/2024,6,175,86,6,0.0343,0.0698
09/10/2024,5,107,29,5,0.0467,0.1724
09/10/2024,4,113,27,1,0.0088,0.037
09/10/2024,3,111,27,2,0.018,0.0741
09/10/2024,2,89,19,1,0.0112,0.0526
09/10/2024,1,120,35,0,0,0
09/10/2024,0,148,51,3,0.0203,0.0588
10/10/2024,23,257,73,6,0.0233,0.0822
10/10/2024,22,304,130,18,0.0592,0.1385
10/10/2024,21,326,123,18,0.0552,0.1463
10/10/2024,20,435,153,14,0.0322,0.0915
10/10/2024,19,463,149,16,0.0346,0.1074
10/10/2024,18,474,164,34,0.0717,0.2073
10/10/2024,17,471,213,32,0.0679,0.1502
10/10/2024,16,563,290,48,0.0853,0.1655
10/10/2024,15,653,308,69,0.1057,0.224
10/10/2024,14,636,312,58,0.0912,0.1859
10/10/2024,13,629,290,47,0.0747,0.1621
10/10/2024,12,715,324,81,0.1133,0.25
10/10/2024,11,1071,376,75,0.07,0.1995
10/10/2024,10,594,307,67,0.1128,0.2182
10/10/2024,9,550,244,46,0.0836,0.1885
10/10/2024,8,385,142,31,0.0805,0.2183
10/10/2024,7,342,136,10,0.0292,0.0735
10/10/2024,6,204,80,5,0.0245,0.0625
10/10/2024,5,164,20,2,0.0122,0.1
10/10/2024,4,158,19,0,0,0
10/10/2024,3,147,14,1,0.0068,0.0714
10/10/2024,2,86,15,0,0,0
10/10/2024,1,94,25,1,0.0106,0.04
10/10/2024,0,132,46,5,0.0379,0.1087
11/10/2024,23,184,47,2,0.0109,0.0426
11/10/2024,22,175,72,7,0.04,0.0972
11/10/2024,21,206,64,10,0.0485,0.1563
11/10/2024,20,234,110,6,0.0256,0.0545
11/10/2024,19,239,106,16,0.0669,0.1509
11/10/2024,18,256,111,19,0.0742,0.1712
11/10/2024,17,364,189,39,0.1071,0.2063
11/10/2024,16,421,221,42,0.0998,0.19
11/10/2024,15,494,279,61,0.1235,0.2186
11/10/2024,14,498,268,47,0.0944,0.1754
11/10/2024,13,477,252,46,0.0964,0.1825
11/10/2024,12,500,247,44,0.088,0.1781
11/10/2024,11,597,297,58,0.0972,0.1953
11/10/2024,10,463,257,43,0.0929,0.1673
11/10/2024,9,471,218,48,0.1019,0.2202
11/10/2024,8,335,138,20,0.0597,0.1449
11/10/2024,7,264,123,4,0.0152,0.0325
11/10/2024,6,156,69,4,0.0256,0.058
11/10/2024,5,99,25,2,0.0202,0.08
11/10/2024,4,108,26,2,0.0185,0.0769
11/10/2024,3,91,16,0,0,0
11/10/2024,2,142,11,0,0,0
11/10/2024,1,183,25,2,0.0109,0.08
11/10/2024,0,204,44,7,0.0343,0.1591
12/10/2024,23,131,38,1,0.0076,0.0263
12/10/2024,22,199,97,5,0.0251,0.0515
12/10/2024,21,215,82,4,0.0186,0.0488
12/10/2024,20,220,103,4,0.0182,0.0388
12/10/2024,19,244,104,11,0.0451,0.1058
12/10/2024,18,225,120,14,0.0622,0.1167
12/10/2024,17,1548,124,10,0.0065,0.0806
12/10/2024,16,717,127,17,0.0237,0.1339
12/10/2024,15,312,149,20,0.0641,0.1342
12/10/2024,14,359,179,14,0.039,0.0782
12/10/2024,13,384,154,12,0.0313,0.0779
12/10/2024,12,314,148,18,0.0573,0.1216
12/10/2024,11,327,162,19,0.0581,0.1173
12/10/2024,10,292,155,21,0.0719,0.1355
12/10/2024,9,221,103,8,0.0362,0.0777
12/10/2024,8,213,81,6,0.0282,0.0741
12/10/2024,7,242,112,3,0.0124,0.0268
12/10/2024,6,118,60,1,0.0085,0.0167
12/10/2024,5,103,17,0,0,0
12/10/2024,4,114,21,0,0,0
12/10/2024,3,110,8,0,0,0
12/10/2024,2,108,27,3,0.0278,0.1111
12/10/2024,1,103,18,1,0.0097,0.0556
12/10/2024,0,105,26,1,0.0095,0.0385
13/10/2024,23,160,43,7,0.0438,0.1628
13/10/2024,22,248,115,23,0.0927,0.2
13/10/2024,21,246,131,14,0.0569,0.1069
13/10/2024,20,297,155,28,0.0943,0.1806
13/10/2024,19,331,167,29,0.0876,0.1737
13/10/2024,18,357,150,27,0.0756,0.18
13/10/2024,17,296,156,20,0.0676,0.1282
13/10/2024,16,317,141,24,0.0757,0.1702
13/10/2024,15,328,147,22,0.0671,0.1497
13/10/2024,14,264,131,15,0.0568,0.1145
13/10/2024,13,271,143,14,0.0517,0.0979
13/10/2024,12,267,145,18,0.0674,0.1241
13/10/2024,11,259,125,12,0.0463,0.096
13/10/2024,10,319,102,10,0.0313,0.098
13/10/2024,9,321,105,14,0.0436,0.1333
13/10/2024,8,176,65,6,0.0341,0.0923
13/10/2024,7,181,77,0,0,0
13/10/2024,6,122,54,1,0.0082,0.0185
13/10/2024,5,89,7,1,0.0112,0.1429
13/10/2024,4,87,15,0,0,0
13/10/2024,3,80,8,0,0,0
13/10/2024,2,83,15,0,0,0
13/10/2024,1,127,25,1,0.0079,0.04
13/10/2024,0,121,30,1,0.0083,0.0333
14/10/2024,23,298,73,8,0.0268,0.1096
14/10/2024,22,365,134,21,0.0575,0.1567
14/10/2024,21,360,144,20,0.0556,0.1389
14/10/2024,20,428,211,24,0.0561,0.1137
14/10/2024,19,475,204,34,0.0716,0.1667
14/10/2024,18,517,226,44,0.0851,0.1947
14/10/2024,17,559,264,47,0.0841,0.178
14/10/2024,16,684,314,80,0.117,0.2548
14/10/2024,15,651,337,63,0.0968,0.1869
14/10/2024,14,679,338,72,0.106,0.213
14/10/2024,13,698,367,73,0.1046,0.1989
14/10/2024,12,692,345,85,0.1228,0.2464
14/10/2024,11,782,485,80,0.1023,0.1649
14/10/2024,10,702,380,77,0.1097,0.2026
14/10/2024,9,563,278,45,0.0799,0.1619
14/10/2024,8,348,123,22,0.0632,0.1789
14/10/2024,7,232,66,9,0.0388,0.1364
14/10/2024,6,158,30,4,0.0253,0.1333
14/10/2024,5,138,25,2,0.0145,0.08
14/10/2024,4,93,14,0,0,0
14/10/2024,3,92,13,0,0,0
14/10/2024,2,74,9,0,0,0
14/10/2024,1,113,19,0,0,0
14/10/2024,0,117,29,3,0.0256,0.1034
15/10/2024,23,329,81,16,0.0486,0.1975
15/10/2024,22,385,171,13,0.0338,0.076
15/10/2024,21,371,140,23,0.062,0.1643
15/10/2024,20,438,183,21,0.0479,0.1148
15/10/2024,19,1351,199,27,0.02,0.1357
15/10/2024,18,491,182,31,0.0631,0.1703
15/10/2024,17,597,234,47,0.0787,0.2009
15/10/2024,16,698,289,56,0.0802,0.1938
15/10/2024,15,736,338,56,0.0761,0.1657
15/10/2024,14,668,333,79,0.1183,0.2372
15/10/2024,13,706,357,64,0.0907,0.1793
15/10/2024,12,698,320,84,0.1203,0.2625
15/10/2024,11,609,322,74,0.1215,0.2298
15/10/2024,10,696,347,75,0.1078,0.2161
15/10/2024,9,646,296,59,0.0913,0.1993
15/10/2024,8,517,286,33,0.0638,0.1154
15/10/2024,7,292,80,11,0.0377,0.1375
15/10/2024,6,191,59,5,0.0262,0.0847
15/10/2024,5,158,29,1,0.0063,0.0345
15/10/2024,4,158,17,0,0,0
15/10/2024,3,140,14,0,0,0
15/10/2024,2,991,895,3,0.003,0.0034
15/10/2024,1,178,27,2,0.0112,0.0741
15/10/2024,0,181,44,3,0.0166,0.0682
16/10/2024,23,247,72,9,0.0364,0.125
16/10/2024,22,473,126,17,0.0359,0.1349
16/10/2024,21,471,159,26,0.0552,0.1635
16/10/2024,20,512,202,26,0.0508,0.1287
16/10/2024,19,481,180,22,0.0457,0.1222
16/10/2024,18,457,198,38,0.0832,0.1919
16/10/2024,17,702,222,43,0.0613,0.1937
16/10/2024,16,725,242,62,0.0855,0.2562
16/10/2024,15,713,368,76,0.1066,0.2065
16/10/2024,14,700,345,64,0.0914,0.1855
16/10/2024,13,707,322,68,0.0962,0.2112
16/10/2024,12,777,348,72,0.0927,0.2069
16/10/2024,11,742,402,82,0.1105,0.204
16/10/2024,10,751,367,77,0.1025,0.2098
16/10/2024,9,616,306,48,0.0779,0.1569
16/10/2024,8,477,281,30,0.0629,0.1068
16/10/2024,7,237,92,12,0.0506,0.1304
16/10/2024,6,156,29,5,0.0321,0.1724
16/10/2024,5,171,14,1,0.0058,0.0714
16/10/2024,4,156,16,0,0,0
16/10/2024,3,140,18,4,0.0286,0.2222
16/10/2024,2,204,24,5,0.0245,0.2083
16/10/2024,1,182,33,2,0.011,0.0606
16/10/2024,0,180,43,0,0,0
17/10/2024,23,332,60,6,0.0181,0.1
17/10/2024,22,351,96,12,0.0342,0.125
17/10/2024,21,488,146,25,0.0512,0.1712
17/10/2024,20,429,161,21,0.049,0.1304
17/10/2024,19,457,143,15,0.0328,0.1049
17/10/2024,18,474,175,22,0.0464,0.1257
17/10/2024,17,529,173,41,0.0775,0.237
17/10/2024,16,566,247,49,0.0866,0.1984
17/10/2024,15,683,309,50,0.0732,0.1618
17/10/2024,14,604,267,63,0.1043,0.236
17/10/2024,13,612,313,46,0.0752,0.147
17/10/2024,12,709,349,66,0.0931,0.1891
17/10/2024,11,1028,354,85,0.0827,0.2401
17/10/2024,10,715,374,75,0.1049,0.2005
17/10/2024,9,695,282,47,0.0676,0.1667
17/10/2024,8,538,286,43,0.0799,0.1503
17/10/2024,7,249,72,11,0.0442,0.1528
17/10/2024,6,149,37,5,0.0336,0.1351
17/10/2024,5,132,24,2,0.0152,0.0833
17/10/2024,4,137,32,0,0,0
17/10/2024,3,142,20,0,0,0
17/10/2024,2,160,20,2,0.0125,0.1
17/10/2024,1,182,33,1,0.0055,0.0303
17/10/2024,0,191,45,4,0.0209,0.0889
18/10/2024,23,173,35,1,0.0058,0.0286
18/10/2024,22,213,58,4,0.0188,0.069
18/10/2024,21,228,71,3,0.0132,0.0423
18/10/2024,20,351,111,8,0.0228,0.0721
18/10/2024,19,283,91,10,0.0353,0.1099
18/10/2024,18,277,117,13,0.0469,0.1111
18/10/2024,17,378,150,17,0.045,0.1133
18/10/2024,16,455,210,32,0.0703,0.1524
18/10/2024,15,451,199,40,0.0887,0.201
18/10/2024,14,534,247,47,0.088,0.1903
18/10/2024,13,528,254,57,0.108,0.2244
18/10/2024,12,552,297,64,0.1159,0.2155
18/10/2024,11,577,310,70,0.1213,0.2258
18/10/2024,10,658,303,64,0.0973,0.2112
18/10/2024,9,543,302,57,0.105,0.1887
18/10/2024,8,571,262,19,0.0333,0.0725
18/10/2024,7,224,92,8,0.0357,0.087
18/10/2024,6,144,28,0,0,0
18/10/2024,5,132,19,3,0.0227,0.1579
18/10/2024,4,109,24,1,0.0092,0.0417
18/10/2024,3,133,23,2,0.015,0.087
18/10/2024,2,173,21,1,0.0058,0.0476
18/10/2024,1,179,28,1,0.0056,0.0357
18/10/2024,0,259,49,6,0.0232,0.1224
19/10/2024,23,165,47,3,0.0182,0.0638
19/10/2024,22,187,70,2,0.0107,0.0286
19/10/2024,21,231,83,12,0.0519,0.1446
19/10/2024,20,265,101,10,0.0377,0.099
19/10/2024,19,267,109,12,0.0449,0.1101
19/10/2024,18,245,94,9,0.0367,0.0957
19/10/2024,17,261,116,10,0.0383,0.0862
19/10/2024,16,305,128,12,0.0393,0.0938
19/10/2024,15,296,126,14,0.0473,0.1111
19/10/2024,14,334,155,26,0.0778,0.1677
19/10/2024,13,405,155,19,0.0469,0.1226
19/10/2024,12,348,161,23,0.0661,0.1429
19/10/2024,11,311,145,19,0.0611,0.131
19/10/2024,10,328,121,20,0.061,0.1653
19/10/2024,9,297,127,11,0.037,0.0866
19/10/2024,8,340,202,4,0.0118,0.0198
19/10/2024,7,196,38,4,0.0204,0.1053
19/10/2024,6,129,28,1,0.0078,0.0357
19/10/2024,5,113,17,0,0,0
19/10/2024,4,126,19,2,0.0159,0.1053
19/10/2024,3,114,21,1,0.0088,0.0476
19/10/2024,2,119,19,0,0,0
19/10/2024,1,114,22,2,0.0175,0.0909
19/10/2024,0,141,54,3,0.0213,0.0556
20/10/2024,23,204,90,12,0.0588,0.1333
20/10/2024,22,266,112,14,0.0526,0.125
20/10/2024,21,302,146,15,0.0497,0.1027
20/10/2024,20,271,111,16,0.059,0.1441
20/10/2024,19,331,164,20,0.0604,0.122
20/10/2024,18,322,141,20,0.0621,0.1418
20/10/2024,17,601,169,22,0.0366,0.1302
20/10/2024,16,361,179,30,0.0831,0.1676
20/10/2024,15,373,202,34,0.0912,0.1683
20/10/2024,14,318,151,16,0.0503,0.106
20/10/2024,13,345,188,17,0.0493,0.0904
20/10/2024,12,359,172,22,0.0613,0.1279
20/10/2024,11,314,163,18,0.0573,0.1104
20/10/2024,10,264,116,13,0.0492,0.1121
20/10/2024,9,263,106,14,0.0532,0.1321
20/10/2024,8,290,171,1,0.0034,0.0058
20/10/2024,7,142,30,1,0.007,0.0333
20/10/2024,6,113,13,0,0,0
20/10/2024,5,97,10,0,0,0
20/10/2024,4,101,7,0,0,0
20/10/2024,3,95,12,1,0.0105,0.0833
20/10/2024,2,128,15,0,0,0
20/10/2024,1,137,25,2,0.0146,0.08
20/10/2024,0,143,38,1,0.007,0.0263
21/10/2024,23,240,88,5,0.0208,0.0568
21/10/2024,22,308,155,18,0.0584,0.1161
21/10/2024,21,360,172,29,0.0806,0.1686
21/10/2024,20,400,191,30,0.075,0.1571
21/10/2024,19,339,153,19,0.056,0.1242
21/10/2024,18,407,206,35,0.086,0.1699
21/10/2024,17,556,263,53,0.0953,0.2015
21/10/2024,16,556,301,63,0.1133,0.2093
21/10/2024,15,609,324,75,0.1232,0.2315
21/10/2024,14,736,402,89,0.1209,0.2214
21/10/2024,13,645,403,83,0.1287,0.206
21/10/2024,12,576,315,66,0.1146,0.2095
21/10/2024,11,636,359,82,0.1289,0.2284
21/10/2024,10,670,384,93,0.1388,0.2422
21/10/2024,9,562,294,67,0.1192,0.2279
21/10/2024,8,1210,212,28,0.0231,0.1321
21/10/2024,7,236,71,12,0.0508,0.169
21/10/2024,6,158,33,6,0.038,0.1818
21/10/2024,5,133,31,1,0.0075,0.0323
21/10/2024,4,117,15,0,0,0
21/10/2024,3,115,16,4,0.0348,0.25
21/10/2024,2,124,22,2,0.0161,0.0909
21/10/2024,1,139,31,1,0.0072,0.0323
21/10/2024,0,163,56,6,0.0368,0.1071
22/10/2024,23,238,97,12,0.0504,0.1237
22/10/2024,22,296,134,20,0.0676,0.1493
22/10/2024,21,372,182,30,0.0806,0.1648
22/10/2024,20,355,185,24,0.0676,0.1297
22/10/2024,19,378,203,33,0.0873,0.1626
22/10/2024,18,433,195,31,0.0716,0.159
22/10/2024,17,469,243,37,0.0789,0.1523
22/10/2024,16,535,294,59,0.1103,0.2007
22/10/2024,15,567,294,57,0.1005,0.1939
22/10/2024,14,574,313,75,0.1307,0.2396
22/10/2024,13,597,327,64,0.1072,0.1957
22/10/2024,12,571,318,60,0.1051,0.1887
22/10/2024,11,674,340,81,0.1202,0.2382
22/10/2024,10,610,346,75,0.123,0.2168
22/10/2024,9,628,356,53,0.0844,0.1489
22/10/2024,8,402,216,26,0.0647,0.1204
22/10/2024,7,210,64,7,0.0333,0.1094
22/10/2024,6,141,33,8,0.0567,0.2424
22/10/2024,5,126,16,3,0.0238,0.1875
22/10/2024,4,121,20,2,0.0165,0.1
22/10/2024,3,125,23,1,0.008,0.0435
22/10/2024,2,985,894,0,0,0
22/10/2024,1,128,31,2,0.0156,0.0645
22/10/2024,0,176,70,7,0.0398,0.1
23/10/2024,23,286,90,10,0.035,0.1111
23/10/2024,22,328,141,10,0.0305,0.0709
23/10/2024,21,381,158,22,0.0577,0.1392
23/10/2024,20,416,166,19,0.0457,0.1145
23/10/2024,19,370,165,24,0.0649,0.1455
23/10/2024,18,422,187,26,0.0616,0.139
23/10/2024,17,466,181,36,0.0773,0.1989
23/10/2024,16,636,295,58,0.0912,0.1966
23/10/2024,15,722,382,72,0.0997,0.1885
23/10/2024,14,1344,1151,66,0.0491,0.0573
23/10/2024,13,654,270,84,0.1284,0.3111
23/10/2024,12,736,374,63,0.0856,0.1684
23/10/2024,11,759,342,82,0.108,0.2398
23/10/2024,10,931,348,75,0.0806,0.2155
23/10/2024,9,597,284,32,0.0536,0.1127
23/10/2024,8,449,238,23,0.0512,0.0966
23/10/2024,7,277,76,11,0.0397,0.1447
23/10/2024,6,204,30,8,0.0392,0.2667
23/10/2024,5,173,23,1,0.0058,0.0435
23/10/2024,4,175,25,0,0,0
23/10/2024,3,164,11,1,0.0061,0.0909
23/10/2024,2,172,12,0,0,0
23/10/2024,1,184,34,1,0.0054,0.0294
23/10/2024,0,139,26,4,0.0288,0.1538
24/10/2024,23,300,75,10,0.0333,0.1333
24/10/2024,22,344,111,20,0.0581,0.1802
24/10/2024,21,484,183,23,0.0475,0.1257
24/10/2024,20,442,190,22,0.0498,0.1158
24/10/2024,19,425,143,18,0.0424,0.1259
24/10/2024,18,400,144,22,0.055,0.1528
24/10/2024,17,493,238,38,0.0771,0.1597
24/10/2024,16,633,254,53,0.0837,0.2087
24/10/2024,15,718,327,52,0.0724,0.159
24/10/2024,14,580,235,44,0.0759,0.1872
24/10/2024,13,672,323,57,0.0848,0.1765
24/10/2024,12,715,308,56,0.0783,0.1818
24/10/2024,11,898,347,85,0.0947,0.245
24/10/2024,10,660,337,61,0.0924,0.181
24/10/2024,9,717,350,51,0.0711,0.1457
24/10/2024,8,397,160,25,0.063,0.1563
24/10/2024,7,257,65,11,0.0428,0.1692
24/10/2024,6,203,41,1,0.0049,0.0244
24/10/2024,5,181,26,1,0.0055,0.0385
24/10/2024,4,157,8,0,0,0
24/10/2024,3,184,19,1,0.0054,0.0526
24/10/2024,2,180,22,1,0.0056,0.0455
24/10/2024,1,203,39,1,0.0049,0.0256
24/10/2024,0,202,47,4,0.0198,0.0851
25/10/2024,23,252,72,6,0.0238,0.0833
25/10/2024,22,283,102,3,0.0106,0.0294
25/10/2024,21,317,107,6,0.0189,0.0561
25/10/2024,20,326,119,12,0.0368,0.1008
25/10/2024,19,311,116,7,0.0225,0.0603
25/10/2024,18,356,126,11,0.0309,0.0873
25/10/2024,17,422,169,24,0.0569,0.142
25/10/2024,16,482,226,33,0.0685,0.146
25/10/2024,15,535,254,43,0.0804,0.1693
25/10/2024,14,730,235,50,0.0685,0.2128
25/10/2024,13,550,247,49,0.0891,0.1984
25/10/2024,12,791,286,50,0.0632,0.1748
25/10/2024,11,627,284,57,0.0909,0.2007
25/10/2024,10,608,287,52,0.0855,0.1812
25/10/2024,9,586,280,40,0.0683,0.1429
25/10/2024,8,526,248,28,0.0532,0.1129
25/10/2024,7,346,70,7,0.0202,0.1
25/10/2024,6,236,40,1,0.0042,0.025
25/10/2024,5,209,7,0,0,0
25/10/2024,4,253,24,1,0.004,0.0417
25/10/2024,3,206,19,1,0.0049,0.0526
25/10/2024,2,186,19,2,0.0108,0.1053
25/10/2024,1,222,30,1,0.0045,0.0333
25/10/2024,0,334,46,1,0.003,0.0217
26/10/2024,23,222,46,4,0.018,0.087
26/10/2024,22,249,74,4,0.0161,0.0541
26/10/2024,21,261,73,2,0.0077,0.0274
26/10/2024,20,287,84,2,0.007,0.0238
26/10/2024,19,273,80,4,0.0147,0.05
26/10/2024,18,291,70,5,0.0172,0.0714
26/10/2024,17,341,90,10,0.0293,0.1111
26/10/2024,16,350,149,13,0.0371,0.0872
26/10/2024,15,375,146,11,0.0293,0.0753
26/10/2024,14,349,123,12,0.0344,0.0976
26/10/2024,13,372,157,18,0.0484,0.1146
26/10/2024,12,377,166,18,0.0477,0.1084
26/10/2024,11,529,290,15,0.0284,0.0517
26/10/2024,10,364,146,10,0.0275,0.0685
26/10/2024,9,309,124,10,0.0324,0.0806
26/10/2024,8,345,154,4,0.0116,0.026
26/10/2024,7,212,32,2,0.0094,0.0625
26/10/2024,6,185,30,3,0.0162,0.1
26/10/2024,5,166,12,0,0,0
26/10/2024,4,153,12,0,0,0
26/10/2024,3,167,11,0,0,0
26/10/2024,2,162,14,0,0,0
26/10/2024,1,180,26,1,0.0056,0.0385
26/10/2024,0,215,36,2,0.0093,0.0556
27/10/2024,23,233,48,4,0.0172,0.0833
27/10/2024,22,257,74,11,0.0428,0.1486
27/10/2024,21,348,140,18,0.0517,0.1286
27/10/2024,20,378,161,24,0.0635,0.1491
27/10/2024,19,380,125,22,0.0579,0.176
27/10/2024,18,343,130,24,0.07,0.1846
27/10/2024,17,399,181,32,0.0802,0.1768
27/10/2024,16,336,125,18,0.0536,0.144
27/10/2024,15,361,145,18,0.0499,0.1241
27/10/2024,14,351,162,15,0.0427,0.0926
27/10/2024,13,367,139,25,0.0681,0.1799
27/10/2024,12,333,159,21,0.0631,0.1321
27/10/2024,11,332,137,23,0.0693,0.1679
27/10/2024,10,326,112,6,0.0184,0.0536
27/10/2024,9,332,132,6,0.0181,0.0455
27/10/2024,8,362,177,10,0.0276,0.0565
27/10/2024,7,213,55,2,0.0094,0.0364
27/10/2024,6,175,18,0,0,0
27/10/2024,5,175,20,1,0.0057,0.05
27/10/2024,4,156,8,0,0,0
27/10/2024,3,166,9,0,0,0
27/10/2024,2,168,31,0,0,0
27/10/2024,1,181,48,2,0.011,0.0417
27/10/2024,0,186,22,1,0.0054,0.0455
28/10/2024,23,261,68,5,0.0192,0.0735
28/10/2024,22,328,121,16,0.0488,0.1322
28/10/2024,21,372,144,16,0.043,0.1111
28/10/2024,20,410,153,26,0.0634,0.1699
28/10/2024,19,437,198,37,0.0847,0.1869
28/10/2024,18,472,217,35,0.0742,0.1613
28/10/2024,17,480,200,43,0.0896,0.215
28/10/2024,16,607,303,57,0.0939,0.1881
28/10/2024,15,617,290,69,0.1118,0.2379
28/10/2024,14,644,346,67,0.104,0.1936
28/10/2024,13,1033,336,83,0.0803,0.247
28/10/2024,12,669,359,74,0.1106,0.2061
28/10/2024,11,711,395,81,0.1139,0.2051
28/10/2024,10,1564,1131,80,0.0512,0.0707
28/10/2024,9,606,302,56,0.0924,0.1854
28/10/2024,8,579,301,35,0.0604,0.1163
28/10/2024,7,304,89,7,0.023,0.0787
28/10/2024,6,206,37,2,0.0097,0.0541
28/10/2024,5,178,24,1,0.0056,0.0417
28/10/2024,4,174,20,2,0.0115,0.1
28/10/2024,3,183,29,1,0.0055,0.0345
28/10/2024,2,176,23,2,0.0114,0.087
28/10/2024,1,179,25,1,0.0056,0.04
28/10/2024,0,200,32,5,0.025,0.1563
29/10/2024,23,272,69,8,0.0294,0.1159
29/10/2024,22,322,96,17,0.0528,0.1771
29/10/2024,21,378,148,15,0.0397,0.1014
29/10/2024,20,422,179,26,0.0616,0.1453
29/10/2024,19,431,196,31,0.0719,0.1582
29/10/2024,18,432,160,21,0.0486,0.1313
29/10/2024,17,429,174,30,0.0699,0.1724
29/10/2024,16,534,270,48,0.0899,0.1778
29/10/2024,15,683,345,70,0.1025,0.2029
29/10/2024,14,584,323,58,0.0993,0.1796
29/10/2024,13,653,323,75,0.1149,0.2322
29/10/2024,12,570,286,55,0.0965,0.1923
29/10/2024,11,689,381,70,0.1016,0.1837
29/10/2024,10,733,394,78,0.1064,0.198
29/10/2024,9,598,295,60,0.1003,0.2034
29/10/2024,8,455,209,26,0.0571,0.1244
29/10/2024,7,324,92,11,0.034,0.1196
29/10/2024,6,364,144,3,0.0082,0.0208
29/10/2024,5,185,27,2,0.0108,0.0741
29/10/2024,4,467,208,0,0,0
29/10/2024,3,327,126,1,0.0031,0.0079
29/10/2024,2,709,462,1,0.0014,0.0022
29/10/2024,1,174,25,4,0.023,0.16
29/10/2024,0,210,32,1,0.0048,0.0313
30/10/2024,23,258,88,9,0.0349,0.1023
30/10/2024,22,283,101,22,0.0777,0.2178
30/10/2024,21,405,158,22,0.0543,0.1392
30/10/2024,20,413,175,17,0.0412,0.0971
30/10/2024,19,413,150,14,0.0339,0.0933
30/10/2024,18,458,171,22,0.048,0.1287
30/10/2024,17,485,225,44,0.0907,0.1956
30/10/2024,16,577,278,54,0.0936,0.1942
30/10/2024,15,634,342,63,0.0994,0.1842
30/10/2024,14,620,302,66,0.1065,0.2185
30/10/2024,13,604,300,60,0.0993,0.2
30/10/2024,12,644,311,65,0.1009,0.209
30/10/2024,11,631,335,72,0.1141,0.2149
30/10/2024,10,657,341,70,0.1065,0.2053
30/10/2024,9,591,325,41,0.0694,0.1262
30/10/2024,8,522,282,17,0.0326,0.0603
30/10/2024,7,343,104,17,0.0496,0.1635
30/10/2024,6,213,39,2,0.0094,0.0513
30/10/2024,5,191,22,1,0.0052,0.0455
30/10/2024,4,177,31,1,0.0056,0.0323
30/10/2024,3,159,11,0,0,0
30/10/2024,2,161,12,0,0,0
30/10/2024,1,202,34,4,0.0198,0.1176
30/10/2024,0,206,39,0,0,0
31/10/2024,23,255,64,9,0.0353,0.1406
31/10/2024,22,304,106,14,0.0461,0.1321
31/10/2024,21,319,127,12,0.0376,0.0945
31/10/2024,20,326,125,13,0.0399,0.104
31/10/2024,19,381,168,18,0.0472,0.1071
31/10/2024,18,419,182,25,0.0597,0.1374
31/10/2024,17,454,184,28,0.0617,0.1522
31/10/2024,16,564,279,67,0.1188,0.2401
31/10/2024,15,593,304,55,0.0927,0.1809
31/10/2024,14,655,328,65,0.0992,0.1982
31/10/2024,13,627,325,70,0.1116,0.2154
31/10/2024,12,661,302,53,0.0802,0.1755
31/10/2024,11,775,304,64,0.0826,0.2105
31/10/2024,10,642,331,70,0.109,0.2115
31/10/2024,9,674,302,60,0.089,0.1987
31/10/2024,8,538,290,29,0.0539,0.1
31/10/2024,7,308,96,14,0.0455,0.1458
31/10/2024,6,249,49,6,0.0241,0.1224
31/10/2024,5,194,22,0,0,0
31/10/2024,4,185,23,0,0,0
31/10/2024,3,178,19,2,0.0112,0.1053
31/10/2024,2,174,21,2,0.0115,0.0952
31/10/2024,1,243,40,3,0.0123,0.075
31/10/2024,0,239,34,2,0.0084,0.0588
01/11/2024,23,218,47,3,0.0138,0.0638
01/11/2024,22,255,75,6,0.0235,0.08
01/11/2024,21,278,92,3,0.0108,0.0326
01/11/2024,20,327,117,18,0.055,0.1538
01/11/2024,19,344,131,7,0.0203,0.0534
01/11/2024,18,350,123,9,0.0257,0.0732
01/11/2024,17,372,154,25,0.0672,0.1623
01/11/2024,16,459,199,29,0.0632,0.1457
01/11/2024,15,481,219,45,0.0936,0.2055
01/11/2024,14,515,240,37,0.0718,0.1542
01/11/2024,13,552,288,48,0.087,0.1667
01/11/2024,12,552,256,42,0.0761,0.1641
01/11/2024,11,601,322,65,0.1082,0.2019
01/11/2024,10,585,293,51,0.0872,0.1741
01/11/2024,9,510,239,48,0.0941,0.2008
01/11/2024,8,513,260,24,0.0468,0.0923
01/11/2024,7,314,83,13,0.0414,0.1566
01/11/2024,6,210,40,3,0.0143,0.075
01/11/2024,5,183,33,2,0.0109,0.0606
01/11/2024,4,157,16,3,0.0191,0.1875
01/11/2024,3,174,14,0,0,0
01/11/2024,2,166,14,0,0,0
01/11/2024,1,169,31,2,0.0118,0.0645
01/11/2024,0,194,43,2,0.0103,0.0465
02/11/2024,23,241,63,4,0.0166,0.0635
02/11/2024,22,269,75,5,0.0186,0.0667
02/11/2024,21,279,95,4,0.0143,0.0421
02/11/2024,20,292,111,9,0.0308,0.0811
02/11/2024,19,314,116,7,0.0223,0.0603
02/11/2024,18,319,122,13,0.0408,0.1066
02/11/2024,17,345,129,11,0.0319,0.0853
02/11/2024,16,358,164,24,0.067,0.1463
02/11/2024,15,321,134,13,0.0405,0.097
02/11/2024,14,365,133,14,0.0384,0.1053
02/11/2024,13,360,145,13,0.0361,0.0897
02/11/2024,12,400,157,16,0.04,0.1019
02/11/2024,11,407,171,14,0.0344,0.0819
02/11/2024,10,394,155,21,0.0533,0.1355
02/11/2024,9,401,189,10,0.0249,0.0529
02/11/2024,8,302,131,8,0.0265,0.0611
02/11/2024,7,216,49,7,0.0324,0.1429
02/11/2024,6,185,40,2,0.0108,0.05
02/11/2024,5,176,15,1,0.0057,0.0667
02/11/2024,4,170,16,1,0.0059,0.0625
02/11/2024,3,176,18,4,0.0227,0.2222
02/11/2024,2,181,14,1,0.0055,0.0714
02/11/2024,1,187,30,1,0.0053,0.0333
02/11/2024,0,204,33,0,0,0
03/11/2024,23,246,51,8,0.0325,0.1569
03/11/2024,22,318,131,12,0.0377,0.0916
03/11/2024,21,327,127,20,0.0612,0.1575
03/11/2024,20,398,177,28,0.0704,0.1582
03/11/2024,19,404,168,21,0.052,0.125
03/11/2024,18,379,173,28,0.0739,0.1618
03/11/2024,17,382,179,32,0.0838,0.1788
03/11/2024,16,407,174,19,0.0467,0.1092
03/11/2024,15,371,164,27,0.0728,0.1646
03/11/2024,14,372,175,31,0.0833,0.1771
03/11/2024,13,403,185,31,0.0769,0.1676
03/11/2024,12,360,137,19,0.0528,0.1387
03/11/2024,11,331,160,26,0.0785,0.1625
03/11/2024,10,323,131,7,0.0217,0.0534
03/11/2024,9,315,119,13,0.0413,0.1092
03/11/2024,8,356,160,9,0.0253,0.0563
03/11/2024,7,199,43,1,0.005,0.0233
03/11/2024,6,169,16,0,0,0
03/11/2024,5,166,16,0,0,0
03/11/2024,4,165,15,0,0,0
03/11/2024,3,161,17,0,0,0
03/11/2024,2,172,22,1,0.0058,0.0455
03/11/2024,1,176,23,1,0.0057,0.0435
03/11/2024,0,201,38,3,0.0149,0.0789
04/11/2024,23,282,77,11,0.039,0.1429
04/11/2024,22,372,151,20,0.0538,0.1325
04/11/2024,21,433,203,38,0.0878,0.1872
04/11/2024,20,477,236,27,0.0566,0.1144
04/11/2024,19,474,222,26,0.0549,0.1171
04/11/2024,18,505,222,29,0.0574,0.1306
04/11/2024,17,591,276,43,0.0728,0.1558
04/11/2024,16,697,311,48,0.0689,0.1543
04/11/2024,15,702,364,74,0.1054,0.2033
04/11/2024,14,752,430,83,0.1104,0.193
04/11/2024,13,772,384,74,0.0959,0.1927
04/11/2024,12,764,403,81,0.106,0.201
04/11/2024,11,721,406,74,0.1026,0.1823
04/11/2024,10,718,359,75,0.1045,0.2089
04/11/2024,9,619,297,68,0.1099,0.229
04/11/2024,8,558,267,25,0.0448,0.0936
04/11/2024,7,320,83,10,0.0313,0.1205
04/11/2024,6,246,49,2,0.0081,0.0408
04/11/2024,5,182,29,2,0.011,0.069
04/11/2024,4,179,32,1,0.0056,0.0313
04/11/2024,3,166,18,0,0,0
04/11/2024,2,180,23,2,0.0111,0.087
04/11/2024,1,202,26,5,0.0248,0.1923
04/11/2024,0,215,35,1,0.0047,0.0286
05/11/2024,23,228,89,9,0.0395,0.1011
05/11/2024,22,295,138,10,0.0339,0.0725
05/11/2024,21,359,181,23,0.0641,0.1271
05/11/2024,20,374,203,28,0.0749,0.1379
05/11/2024,19,420,222,31,0.0738,0.1396
05/11/2024,18,434,203,33,0.076,0.1626
05/11/2024,17,492,252,41,0.0833,0.1627
05/11/2024,16,593,344,52,0.0877,0.1512
05/11/2024,15,686,331,68,0.0991,0.2054
05/11/2024,14,733,366,77,0.105,0.2104
05/11/2024,13,531,340,68,0.1281,0.2
05/11/2024,12,655,338,53,0.0809,0.1568
05/11/2024,11,799,410,79,0.0989,0.1927
05/11/2024,10,730,425,91,0.1247,0.2141
05/11/2024,9,672,308,57,0.0848,0.1851
05/11/2024,8,534,293,31,0.0581,0.1058
05/11/2024,7,246,102,15,0.061,0.1471
05/11/2024,6,339,158,8,0.0236,0.0506
05/11/2024,5,151,35,1,0.0066,0.0286
05/11/2024,4,410,229,2,0.0049,0.0087
05/11/2024,3,267,139,1,0.0037,0.0072
05/11/2024,2,582,419,1,0.0017,0.0024
05/11/2024,1,127,29,4,0.0315,0.1379
05/11/2024,0,191,47,8,0.0419,0.1702
06/11/2024,23,312,78,10,0.0321,0.1282
06/11/2024,22,343,146,19,0.0554,0.1301
06/11/2024,21,383,194,23,0.0601,0.1186
06/11/2024,20,414,181,26,0.0628,0.1436
06/11/2024,19,417,178,21,0.0504,0.118
06/11/2024,18,450,212,42,0.0933,0.1981
06/11/2024,17,541,233,34,0.0628,0.1459
06/11/2024,16,648,295,61,0.0941,0.2068
06/11/2024,15,710,320,62,0.0873,0.1938
06/11/2024,14,648,308,57,0.088,0.1851
06/11/2024,13,697,332,68,0.0976,0.2048
06/11/2024,12,665,356,79,0.1188,0.2219
06/11/2024,11,739,416,98,0.1326,0.2356
06/11/2024,10,701,402,90,0.1284,0.2239
06/11/2024,9,630,309,56,0.0889,0.1812
06/11/2024,8,536,245,23,0.0429,0.0939
06/11/2024,7,401,93,8,0.02,0.086
06/11/2024,6,225,47,6,0.0267,0.1277
06/11/2024,5,194,22,5,0.0258,0.2273
06/11/2024,4,174,19,1,0.0057,0.0526
06/11/2024,3,176,16,0,0,0
06/11/2024,2,174,29,1,0.0057,0.0345
06/11/2024,1,187,38,3,0.016,0.0789
06/11/2024,0,186,70,6,0.0323,0.0857
07/11/2024,23,300,91,16,0.0533,0.1758
07/11/2024,22,333,152,23,0.0691,0.1513
07/11/2024,21,380,137,13,0.0342,0.0949
07/11/2024,20,405,186,24,0.0593,0.129
07/11/2024,19,462,195,33,0.0714,0.1692
07/11/2024,18,455,172,21,0.0462,0.1221
07/11/2024,17,457,215,36,0.0788,0.1674
07/11/2024,16,541,265,52,0.0961,0.1962
07/11/2024,15,651,317,66,0.1014,0.2082
07/11/2024,14,646,346,55,0.0851,0.159
07/11/2024,13,678,317,50,0.0737,0.1577
07/11/2024,12,660,317,54,0.0818,0.1703
07/11/2024,11,676,354,73,0.108,0.2062
07/11/2024,10,693,350,70,0.101,0.2
07/11/2024,9,560,266,50,0.0893,0.188
07/11/2024,8,518,270,33,0.0637,0.1222
07/11/2024,7,313,111,13,0.0415,0.1171
07/11/2024,6,212,56,2,0.0094,0.0357
07/11/2024,5,203,31,2,0.0099,0.0645
07/11/2024,4,175,31,1,0.0057,0.0323
07/11/2024,3,163,19,1,0.0061,0.0526
07/11/2024,2,181,23,0,0,0
07/11/2024,1,189,27,3,0.0159,0.1111
07/11/2024,0,220,58,2,0.0091,0.0345
08/11/2024,23,199,64,5,0.0251,0.0781
08/11/2024,22,222,91,3,0.0135,0.033
08/11/2024,21,251,107,12,0.0478,0.1121
08/11/2024,20,303,127,21,0.0693,0.1654
08/11/2024,19,289,137,12,0.0415,0.0876
08/11/2024,18,584,146,11,0.0188,0.0753
08/11/2024,17,413,167,23,0.0557,0.1377
08/11/2024,16,525,270,35,0.0667,0.1296
08/11/2024,15,498,253,54,0.1084,0.2134
08/11/2024,14,688,352,61,0.0887,0.1733
08/11/2024,13,583,293,61,0.1046,0.2082
08/11/2024,12,528,280,55,0.1042,0.1964
08/11/2024,11,624,359,51,0.0817,0.1421
08/11/2024,10,564,300,51,0.0904,0.17
08/11/2024,9,504,293,49,0.0972,0.1672
08/11/2024,8,451,259,21,0.0466,0.0811
08/11/2024,7,258,104,9,0.0349,0.0865
08/11/2024,6,182,50,6,0.033,0.12
08/11/2024,5,124,21,1,0.0081,0.0476
08/11/2024,4,117,23,0,0,0
08/11/2024,3,112,17,0,0,0
08/11/2024,2,116,18,0,0,0
08/11/2024,1,165,23,1,0.0061,0.0435
08/11/2024,0,214,51,4,0.0187,0.0784
09/11/2024,23,267,61,3,0.0112,0.0492
09/11/2024,22,216,95,3,0.0139,0.0316
09/11/2024,21,258,99,10,0.0388,0.101
09/11/2024,20,355,91,10,0.0282,0.1099
09/11/2024,19,259,120,14,0.0541,0.1167
09/11/2024,18,351,149,12,0.0342,0.0805
09/11/2024,17,333,139,9,0.027,0.0647
09/11/2024,16,325,144,9,0.0277,0.0625
09/11/2024,15,312,160,7,0.0224,0.0438
09/11/2024,14,325,166,20,0.0615,0.1205
09/11/2024,13,362,197,21,0.058,0.1066
09/11/2024,12,349,185,19,0.0544,0.1027
09/11/2024,11,327,160,27,0.0826,0.1688
09/11/2024,10,340,141,15,0.0441,0.1064
09/11/2024,9,293,134,20,0.0683,0.1493
09/11/2024,8,336,185,8,0.0238,0.0432
09/11/2024,7,169,51,3,0.0178,0.0588
09/11/2024,6,124,21,0,0,0
09/11/2024,5,119,18,1,0.0084,0.0556
09/11/2024,4,112,16,1,0.0089,0.0625
09/11/2024,3,105,21,1,0.0095,0.0476
09/11/2024,2,114,20,2,0.0175,0.1
09/11/2024,1,128,31,2,0.0156,0.0645
09/11/2024,0,159,50,2,0.0126,0.04
10/11/2024,23,211,85,7,0.0332,0.0824
10/11/2024,22,399,119,20,0.0501,0.1681
10/11/2024,21,349,174,30,0.086,0.1724
10/11/2024,20,380,199,28,0.0737,0.1407
10/11/2024,19,352,188,35,0.0994,0.1862
10/11/2024,18,502,200,32,0.0637,0.16
10/11/2024,17,393,191,35,0.0891,0.1832
10/11/2024,16,437,239,30,0.0686,0.1255
10/11/2024,15,390,216,23,0.059,0.1065
10/11/2024,14,407,180,20,0.0491,0.1111
10/11/2024,13,330,207,21,0.0636,0.1014
10/11/2024,12,390,194,21,0.0538,0.1082
10/11/2024,11,316,144,11,0.0348,0.0764
10/11/2024,10,284,129,16,0.0563,0.124
10/11/2024,9,297,148,11,0.037,0.0743
10/11/2024,8,306,167,4,0.0131,0.024
10/11/2024,7,144,58,1,0.0069,0.0172
10/11/2024,6,137,22,1,0.0073,0.0455
10/11/2024,5,99,10,0,0,0
10/11/2024,4,108,12,0,0,0
10/11/2024,3,122,21,0,0,0
10/11/2024,2,117,24,0,0,0
10/11/2024,1,129,35,1,0.0078,0.0286
10/11/2024,0,142,25,0,0,0
11/11/2024,23,256,91,9,0.0352,0.0989
11/11/2024,22,455,157,27,0.0593,0.172
11/11/2024,21,367,211,29,0.079,0.1374
11/11/2024,20,488,245,37,0.0758,0.151
11/11/2024,19,490,248,35,0.0714,0.1411
11/11/2024,18,412,214,28,0.068,0.1308
11/11/2024,17,515,303,52,0.101,0.1716
11/11/2024,16,736,325,55,0.0747,0.1692
11/11/2024,15,627,377,83,0.1324,0.2202
11/11/2024,14,675,379,82,0.1215,0.2164
11/11/2024,13,645,354,77,0.1194,0.2175
11/11/2024,12,687,434,92,0.1339,0.212
11/11/2024,11,734,421,94,0.1281,0.2233
11/11/2024,10,704,406,87,0.1236,0.2143
11/11/2024,9,614,334,79,0.1287,0.2365
11/11/2024,8,449,255,32,0.0713,0.1255
11/11/2024,7,214,77,7,0.0327,0.0909
11/11/2024,6,155,45,4,0.0258,0.0889
11/11/2024,5,125,42,3,0.024,0.0714
11/11/2024,4,133,35,1,0.0075,0.0286
11/11/2024,3,111,25,2,0.018,0.08
11/11/2024,2,120,27,2,0.0167,0.0741
11/11/2024,1,133,33,1,0.0075,0.0303
11/11/2024,0,166,57,7,0.0422,0.1228
12/11/2024,23,265,74,10,0.0377,0.1351
12/11/2024,22,387,147,15,0.0388,0.102
12/11/2024,21,448,225,29,0.0647,0.1289
12/11/2024,20,468,185,22,0.047,0.1189
12/11/2024,19,505,242,33,0.0653,0.1364
12/11/2024,18,598,213,31,0.0518,0.1455
12/11/2024,17,572,274,42,0.0734,0.1533
12/11/2024,16,674,284,39,0.0579,0.1373
12/11/2024,15,766,361,63,0.0822,0.1745
12/11/2024,14,722,396,60,0.0831,0.1515
12/11/2024,13,675,364,69,0.1022,0.1896
12/11/2024,12,723,390,73,0.101,0.1872
12/11/2024,11,799,455,110,0.1377,0.2418
12/11/2024,10,668,385,59,0.0883,0.1532
12/11/2024,9,641,318,61,0.0952,0.1918
12/11/2024,8,544,257,24,0.0441,0.0934
12/11/2024,7,300,114,10,0.0333,0.0877
12/11/2024,6,607,362,3,0.0049,0.0083
12/11/2024,5,195,22,0,0,0
12/11/2024,4,496,39,0,0,0
12/11/2024,3,337,34,0,0,0
12/11/2024,2,761,453,3,0.0039,0.0066
12/11/2024,1,120,22,1,0.0083,0.0455
12/11/2024,0,161,57,3,0.0186,0.0526
13/11/2024,23,302,90,16,0.053,0.1778
13/11/2024,22,374,141,23,0.0615,0.1631
13/11/2024,21,395,173,30,0.0759,0.1734
13/11/2024,20,474,235,34,0.0717,0.1447
13/11/2024,19,490,225,23,0.0469,0.1022
13/11/2024,18,547,237,31,0.0567,0.1308
13/11/2024,17,554,249,44,0.0794,0.1767
13/11/2024,16,692,327,77,0.1113,0.2355
13/11/2024,15,709,369,72,0.1016,0.1951
13/11/2024,14,686,352,67,0.0977,0.1903
13/11/2024,13,719,338,62,0.0862,0.1834
13/11/2024,12,703,353,69,0.0982,0.1955
13/11/2024,11,739,383,81,0.1096,0.2115
13/11/2024,10,720,413,64,0.0889,0.155
13/11/2024,9,704,305,46,0.0653,0.1508
13/11/2024,8,422,154,19,0.045,0.1234
13/11/2024,7,290,82,8,0.0276,0.0976
13/11/2024,6,256,51,4,0.0156,0.0784
13/11/2024,5,190,25,3,0.0158,0.12
13/11/2024,4,172,24,0,0,0
13/11/2024,3,170,13,0,0,0
13/11/2024,2,177,33,9,0.0508,0.2727
13/11/2024,1,193,34,2,0.0104,0.0588
13/11/2024,0,226,56,3,0.0133,0.0536
14/11/2024,23,309,83,10,0.0324,0.1205
14/11/2024,22,314,118,14,0.0446,0.1186
14/11/2024,21,444,212,27,0.0608,0.1274
14/11/2024,20,448,217,27,0.0603,0.1244
14/11/2024,19,474,199,37,0.0781,0.1859
14/11/2024,18,710,232,42,0.0592,0.181
14/11/2024,17,737,260,46,0.0624,0.1769
14/11/2024,16,723,366,57,0.0788,0.1557
14/11/2024,15,675,364,62,0.0919,0.1703
14/11/2024,14,720,361,68,0.0944,0.1884
14/11/2024,13,703,404,88,0.1252,0.2178
14/11/2024,12,702,372,75,0.1068,0.2016
14/11/2024,11,693,344,68,0.0981,0.1977
14/11/2024,10,754,385,70,0.0928,0.1818
14/11/2024,9,664,325,58,0.0873,0.1785
14/11/2024,8,516,246,26,0.0504,0.1057
14/11/2024,7,290,97,12,0.0414,0.1237
14/11/2024,6,236,41,5,0.0212,0.122
14/11/2024,5,198,24,3,0.0152,0.125
14/11/2024,4,186,31,1,0.0054,0.0323
14/11/2024,3,183,27,2,0.0109,0.0741
14/11/2024,2,184,18,0,0,0
14/11/2024,1,212,43,4,0.0189,0.093
14/11/2024,0,209,42,5,0.0239,0.119
15/11/2024,23,320,91,6,0.0188,0.0659
15/11/2024,22,366,97,6,0.0164,0.0619
15/11/2024,21,428,126,11,0.0257,0.0873
15/11/2024,20,361,137,8,0.0222,0.0584
15/11/2024,19,336,109,23,0.0685,0.211
15/11/2024,18,428,151,22,0.0514,0.1457
15/11/2024,17,516,184,25,0.0484,0.1359
15/11/2024,16,504,190,33,0.0655,0.1737
15/11/2024,15,561,247,51,0.0909,0.2065
15/11/2024,14,615,314,69,0.1122,0.2197
15/11/2024,13,622,275,61,0.0981,0.2218
15/11/2024,12,671,298,74,0.1103,0.2483
15/11/2024,11,608,297,66,0.1086,0.2222
15/11/2024,10,665,346,68,0.1023,0.1965
15/11/2024,9,617,286,44,0.0713,0.1538
15/11/2024,8,551,264,18,0.0327,0.0682
15/11/2024,7,286,81,10,0.035,0.1235
15/11/2024,6,242,65,7,0.0289,0.1077
15/11/2024,5,196,40,3,0.0153,0.075
15/11/2024,4,175,19,0,0,0
15/11/2024,3,174,13,0,0,0
15/11/2024,2,189,34,3,0.0159,0.0882
15/11/2024,1,201,39,3,0.0149,0.0769
15/11/2024,0,234,61,5,0.0214,0.082
16/11/2024,23,244,61,1,0.0041,0.0164
16/11/2024,22,326,102,10,0.0307,0.098
16/11/2024,21,290,115,4,0.0138,0.0348
16/11/2024,20,325,103,10,0.0308,0.0971
16/11/2024,19,370,146,11,0.0297,0.0753
16/11/2024,18,384,131,13,0.0339,0.0992
16/11/2024,17,372,146,15,0.0403,0.1027
16/11/2024,16,441,196,24,0.0544,0.1224
16/11/2024,15,472,201,30,0.0636,0.1493
16/11/2024,14,472,210,21,0.0445,0.1
16/11/2024,13,456,218,26,0.057,0.1193
16/11/2024,12,490,228,21,0.0429,0.0921
16/11/2024,11,466,233,27,0.0579,0.1159
16/11/2024,10,435,185,28,0.0644,0.1514
16/11/2024,9,443,183,17,0.0384,0.0929
16/11/2024,8,468,221,10,0.0214,0.0452
16/11/2024,7,276,44,2,0.0072,0.0455
16/11/2024,6,233,26,0,0,0
16/11/2024,5,210,18,0,0,0
16/11/2024,4,197,15,0,0,0
16/11/2024,3,188,9,0,0,0
16/11/2024,2,185,20,0,0,0
16/11/2024,1,183,23,2,0.0109,0.087
16/11/2024,0,258,61,4,0.0155,0.0656
17/11/2024,23,283,84,4,0.0141,0.0476
17/11/2024,22,354,131,25,0.0706,0.1908
17/11/2024,21,434,199,25,0.0576,0.1256
17/11/2024,20,476,223,34,0.0714,0.1525
17/11/2024,19,480,228,31,0.0646,0.136
17/11/2024,18,475,233,35,0.0737,0.1502
17/11/2024,17,458,208,30,0.0655,0.1442
17/11/2024,16,471,224,27,0.0573,0.1205
17/11/2024,15,448,202,26,0.058,0.1287
17/11/2024,14,443,238,38,0.0858,0.1597
17/11/2024,13,431,220,30,0.0696,0.1364
17/11/2024,12,441,225,23,0.0522,0.1022
17/11/2024,11,418,220,23,0.055,0.1045
17/11/2024,10,408,157,12,0.0294,0.0764
17/11/2024,9,355,147,13,0.0366,0.0884
17/11/2024,8,405,197,3,0.0074,0.0152
17/11/2024,7,260,77,3,0.0115,0.039
17/11/2024,6,212,42,3,0.0142,0.0714
17/11/2024,5,186,23,0,0,0
17/11/2024,4,175,11,0,0,0
17/11/2024,3,167,24,1,0.006,0.0417
17/11/2024,2,150,23,1,0.0067,0.0435
17/11/2024,1,190,29,1,0.0053,0.0345
17/11/2024,0,210,31,0,0,0
18/11/2024,23,336,116,17,0.0506,0.1466
18/11/2024,22,416,161,25,0.0601,0.1553
18/11/2024,21,506,224,25,0.0494,0.1116
18/11/2024,20,505,272,25,0.0495,0.0919
18/11/2024,19,538,229,25,0.0465,0.1092
18/11/2024,18,528,245,50,0.0947,0.2041
18/11/2024,17,674,298,55,0.0816,0.1846
18/11/2024,16,703,355,91,0.1294,0.2563
18/11/2024,15,822,380,73,0.0888,0.1921
18/11/2024,14,766,398,83,0.1084,0.2085
18/11/2024,13,859,461,108,0.1257,0.2343
18/11/2024,12,859,487,99,0.1153,0.2033
18/11/2024,11,890,489,97,0.109,0.1984
18/11/2024,10,888,484,89,0.1002,0.1839
18/11/2024,9,681,348,65,0.0954,0.1868
18/11/2024,8,624,316,35,0.0561,0.1108
18/11/2024,7,302,106,14,0.0464,0.1321
18/11/2024,6,247,63,2,0.0081,0.0317
18/11/2024,5,190,32,4,0.0211,0.125
18/11/2024,4,186,38,3,0.0161,0.0789
18/11/2024,3,179,26,1,0.0056,0.0385
18/11/2024,2,167,17,3,0.018,0.1765
18/11/2024,1,198,43,4,0.0202,0.093
18/11/2024,0,230,67,9,0.0391,0.1343
19/11/2024,23,250,78,8,0.032,0.1026
19/11/2024,22,410,188,28,0.0683,0.1489
19/11/2024,21,428,223,28,0.0654,0.1256
19/11/2024,20,516,249,36,0.0698,0.1446
19/11/2024,19,586,248,39,0.0666,0.1573
19/11/2024,18,463,245,31,0.067,0.1265
19/11/2024,17,557,300,47,0.0844,0.1567
19/11/2024,16,636,359,80,0.1258,0.2228
19/11/2024,15,687,383,67,0.0975,0.1749
19/11/2024,14,1154,432,79,0.0685,0.1829
19/11/2024,13,679,375,79,0.1163,0.2107
19/11/2024,12,1619,414,89,0.055,0.215
19/11/2024,11,769,456,101,0.1313,0.2215
19/11/2024,10,760,410,88,0.1158,0.2146
19/11/2024,9,690,375,62,0.0899,0.1653
19/11/2024,8,686,381,25,0.0364,0.0656
19/11/2024,7,258,117,10,0.0388,0.0855
19/11/2024,6,239,55,6,0.0251,0.1091
19/11/2024,5,177,34,4,0.0226,0.1176
19/11/2024,4,449,234,0,0,0
19/11/2024,3,321,50,1,0.0031,0.02
19/11/2024,2,732,369,2,0.0027,0.0054
19/11/2024,1,205,36,2,0.0098,0.0556
19/11/2024,0,239,44,3,0.0126,0.0682
20/11/2024,23,307,97,10,0.0326,0.1031
20/11/2024,22,409,179,11,0.0269,0.0615
20/11/2024,21,490,241,24,0.049,0.0996
20/11/2024,20,515,240,33,0.0641,0.1375
20/11/2024,19,469,209,27,0.0576,0.1292
20/11/2024,18,472,223,24,0.0508,0.1076
20/11/2024,17,589,256,41,0.0696,0.1602
20/11/2024,16,643,321,55,0.0855,0.1713
20/11/2024,15,1498,322,77,0.0514,0.2391
20/11/2024,14,775,421,86,0.111,0.2043
20/11/2024,13,784,383,77,0.0982,0.201
20/11/2024,12,727,346,87,0.1197,0.2514
20/11/2024,11,762,422,91,0.1194,0.2156
20/11/2024,10,809,398,76,0.0939,0.191
20/11/2024,9,659,321,62,0.0941,0.1931
20/11/2024,8,567,283,27,0.0476,0.0954
20/11/2024,7,330,115,9,0.0273,0.0783
20/11/2024,6,239,53,5,0.0209,0.0943
20/11/2024,5,152,27,2,0.0132,0.0741
20/11/2024,4,127,22,1,0.0079,0.0455
20/11/2024,3,119,10,0,0,0
20/11/2024,2,126,38,2,0.0159,0.0526
20/11/2024,1,154,42,4,0.026,0.0952
20/11/2024,0,156,39,6,0.0385,0.1538
21/11/2024,23,315,102,12,0.0381,0.1176
21/11/2024,22,367,160,15,0.0409,0.0938
21/11/2024,21,408,196,17,0.0417,0.0867
21/11/2024,20,492,211,22,0.0447,0.1043
21/11/2024,19,487,252,34,0.0698,0.1349
21/11/2024,18,478,208,28,0.0586,0.1346
21/11/2024,17,589,308,48,0.0815,0.1558
21/11/2024,16,693,334,75,0.1082,0.2246
21/11/2024,15,722,381,70,0.097,0.1837
21/11/2024,14,756,378,72,0.0952,0.1905
21/11/2024,13,763,402,89,0.1166,0.2214
21/11/2024,12,786,402,101,0.1285,0.2512
21/11/2024,11,831,414,100,0.1203,0.2415
21/11/2024,10,781,435,77,0.0986,0.177
21/11/2024,9,677,329,51,0.0753,0.155
21/11/2024,8,551,289,24,0.0436,0.083
21/11/2024,7,313,110,11,0.0351,0.1
21/11/2024,6,259,47,6,0.0232,0.1277
21/11/2024,5,217,40,1,0.0046,0.025
21/11/2024,4,193,26,0,0,0
21/11/2024,3,167,20,1,0.006,0.05
21/11/2024,2,178,24,1,0.0056,0.0417
21/11/2024,1,189,31,3,0.0159,0.0968
21/11/2024,0,217,43,3,0.0138,0.0698
22/11/2024,23,205,66,6,0.0293,0.0909
22/11/2024,22,267,108,10,0.0375,0.0926
22/11/2024,21,270,119,19,0.0704,0.1597
22/11/2024,20,326,159,7,0.0215,0.044
22/11/2024,19,318,167,19,0.0597,0.1138
22/11/2024,18,395,190,29,0.0734,0.1526
22/11/2024,17,372,170,24,0.0645,0.1412
22/11/2024,16,472,218,39,0.0826,0.1789
22/11/2024,15,566,342,53,0.0936,0.155
22/11/2024,14,580,285,52,0.0897,0.1825
22/11/2024,13,587,317,54,0.092,0.1703
22/11/2024,12,613,330,60,0.0979,0.1818
22/11/2024,11,680,385,75,0.1103,0.1948
22/11/2024,10,669,374,69,0.1031,0.1845
22/11/2024,9,612,349,71,0.116,0.2034
22/11/2024,8,483,298,22,0.0455,0.0738
22/11/2024,7,217,92,8,0.0369,0.087
22/11/2024,6,192,49,5,0.026,0.102
22/11/2024,5,192,36,2,0.0104,0.0556
22/11/2024,4,185,20,1,0.0054,0.05
22/11/2024,3,176,16,0,0,0
22/11/2024,2,189,34,2,0.0106,0.0588
22/11/2024,1,218,43,2,0.0092,0.0465
22/11/2024,0,223,51,4,0.0179,0.0784
23/11/2024,23,215,62,3,0.014,0.0484
23/11/2024,22,243,107,10,0.0412,0.0935
23/11/2024,21,316,153,9,0.0285,0.0588
23/11/2024,20,311,157,15,0.0482,0.0955
23/11/2024,19,296,134,12,0.0405,0.0896
23/11/2024,18,299,132,8,0.0268,0.0606
23/11/2024,17,325,146,26,0.08,0.1781
23/11/2024,16,373,194,27,0.0724,0.1392
23/11/2024,15,395,191,27,0.0684,0.1414
23/11/2024,14,375,191,24,0.064,0.1257
23/11/2024,13,407,237,31,0.0762,0.1308
23/11/2024,12,471,238,31,0.0658,0.1303
23/11/2024,11,456,240,30,0.0658,0.125
23/11/2024,10,419,228,27,0.0644,0.1184
23/11/2024,9,403,196,18,0.0447,0.0918
23/11/2024,8,401,248,17,0.0424,0.0685
23/11/2024,7,208,68,8,0.0385,0.1176
23/11/2024,6,150,42,0,0,0
23/11/2024,5,117,21,0,0,0
23/11/2024,4,107,20,0,0,0
23/11/2024,3,118,25,2,0.0169,0.08
23/11/2024,2,124,25,0,0,0
23/11/2024,1,141,29,1,0.0071,0.0345
23/11/2024,0,162,42,1,0.0062,0.0238
24/11/2024,23,347,100,3,0.0086,0.03
24/11/2024,22,414,172,23,0.0556,0.1337
24/11/2024,21,438,207,20,0.0457,0.0966
24/11/2024,20,469,226,38,0.081,0.1681
24/11/2024,19,505,225,24,0.0475,0.1067
24/11/2024,18,537,245,25,0.0466,0.102
24/11/2024,17,607,277,34,0.056,0.1227
24/11/2024,16,604,288,46,0.0762,0.1597
24/11/2024,15,508,246,41,0.0807,0.1667
24/11/2024,14,433,198,26,0.06,0.1313
24/11/2024,13,454,226,38,0.0837,0.1681
24/11/2024,12,469,231,29,0.0618,0.1255
24/11/2024,11,498,204,21,0.0422,0.1029
24/11/2024,10,386,141,5,0.013,0.0355
24/11/2024,9,380,142,8,0.0211,0.0563
24/11/2024,8,411,207,3,0.0073,0.0145
24/11/2024,7,221,59,6,0.0271,0.1017
24/11/2024,6,191,24,0,0,0
24/11/2024,5,164,15,0,0,0
24/11/2024,4,183,16,0,0,0
24/11/2024,3,167,13,1,0.006,0.0769
24/11/2024,2,204,20,0,0,0
24/11/2024,1,141,28,0,0,0
24/11/2024,0,146,44,2,0.0137,0.0455
25/11/2024,23,325,104,7,0.0215,0.0673
25/11/2024,22,511,209,25,0.0489,0.1196
25/11/2024,21,549,278,38,0.0692,0.1367
25/11/2024,20,582,268,40,0.0687,0.1493
25/11/2024,19,557,303,30,0.0539,0.099
25/11/2024,18,628,295,46,0.0732,0.1559
25/11/2024,17,676,320,55,0.0814,0.1719
25/11/2024,16,837,414,86,0.1027,0.2077
25/11/2024,15,788,410,89,0.1129,0.2171
25/11/2024,14,851,498,95,0.1116,0.1908
25/11/2024,13,926,535,104,0.1123,0.1944
25/11/2024,12,938,521,91,0.097,0.1747
25/11/2024,11,918,523,100,0.1089,0.1912
25/11/2024,10,844,461,89,0.1055,0.1931
25/11/2024,9,745,368,68,0.0913,0.1848
25/11/2024,8,627,330,38,0.0606,0.1152
25/11/2024,7,312,107,9,0.0288,0.0841
25/11/2024,6,265,56,5,0.0189,0.0893
25/11/2024,5,187,36,2,0.0107,0.0556
25/11/2024,4,184,31,6,0.0326,0.1935
25/11/2024,3,184,41,1,0.0054,0.0244
25/11/2024,2,201,27,1,0.005,0.037
25/11/2024,1,181,27,1,0.0055,0.037
25/11/2024,0,266,68,4,0.015,0.0588
26/11/2024,23,313,101,8,0.0256,0.0792
26/11/2024,22,459,186,25,0.0545,0.1344
26/11/2024,21,497,252,31,0.0624,0.123
26/11/2024,20,523,248,28,0.0535,0.1129
26/11/2024,19,468,264,30,0.0641,0.1136
26/11/2024,18,542,249,36,0.0664,0.1446
26/11/2024,17,594,265,47,0.0791,0.1774
26/11/2024,16,763,423,80,0.1048,0.1891
26/11/2024,15,778,412,86,0.1105,0.2087
26/11/2024,14,812,410,87,0.1071,0.2122
26/11/2024,13,815,464,80,0.0982,0.1724
26/11/2024,12,822,431,88,0.1071,0.2042
26/11/2024,11,879,451,90,0.1024,0.1996
26/11/2024,10,818,422,80,0.0978,0.1896
26/11/2024,9,731,352,62,0.0848,0.1761
26/11/2024,8,783,469,29,0.037,0.0618
26/11/2024,7,305,101,16,0.0525,0.1584
26/11/2024,6,464,261,4,0.0086,0.0153
26/11/2024,5,192,33,3,0.0156,0.0909
26/11/2024,4,613,301,1,0.0016,0.0033
26/11/2024,3,327,91,1,0.0031,0.011
26/11/2024,2,806,576,2,0.0025,0.0035
26/11/2024,1,201,42,4,0.0199,0.0952
26/11/2024,0,277,64,5,0.0181,0.0781
27/11/2024,23,364,125,12,0.033,0.096
27/11/2024,22,459,158,18,0.0392,0.1139
27/11/2024,21,577,220,34,0.0589,0.1545
27/11/2024,20,526,237,39,0.0741,0.1646
27/11/2024,19,511,221,25,0.0489,0.1131
27/11/2024,18,684,297,54,0.0789,0.1818
27/11/2024,17,761,328,52,0.0683,0.1585
27/11/2024,16,901,446,72,0.0799,0.1614
27/11/2024,15,901,411,77,0.0855,0.1873
27/11/2024,14,842,420,65,0.0772,0.1548
27/11/2024,13,786,383,73,0.0929,0.1906
27/11/2024,12,814,399,77,0.0946,0.193
27/11/2024,11,841,455,94,0.1118,0.2066
27/11/2024,10,852,428,77,0.0904,0.1799
27/11/2024,9,709,351,63,0.0889,0.1795
27/11/2024,8,583,302,26,0.0446,0.0861
27/11/2024,7,334,114,5,0.015,0.0439
27/11/2024,6,250,57,1,0.004,0.0175
27/11/2024,5,215,33,1,0.0047,0.0303
27/11/2024,4,183,30,6,0.0328,0.2
27/11/2024,3,179,24,2,0.0112,0.0833
27/11/2024,2,191,40,2,0.0105,0.05
27/11/2024,1,187,27,0,0,0
27/11/2024,0,258,58,8,0.031,0.1379
28/11/2024,23,401,88,12,0.0299,0.1364
28/11/2024,22,470,153,20,0.0426,0.1307
28/11/2024,21,501,191,28,0.0559,0.1466
28/11/2024,20,524,205,37,0.0706,0.1805
28/11/2024,19,589,219,35,0.0594,0.1598
28/11/2024,18,569,218,26,0.0457,0.1193
28/11/2024,17,663,262,45,0.0679,0.1718
28/11/2024,16,687,291,57,0.083,0.1959
28/11/2024,15,819,379,71,0.0867,0.1873
28/11/2024,14,843,437,85,0.1008,0.1945
28/11/2024,13,806,390,84,0.1042,0.2154
28/11/2024,12,851,406,70,0.0823,0.1724
28/11/2024,11,835,407,90,0.1078,0.2211
28/11/2024,10,832,351,72,0.0865,0.2051
28/11/2024,9,778,367,69,0.0887,0.188
28/11/2024,8,667,330,28,0.042,0.0848
28/11/2024,7,403,114,12,0.0298,0.1053
28/11/2024,6,292,52,1,0.0034,0.0192
28/11/2024,5,260,25,2,0.0077,0.08
28/11/2024,4,253,23,2,0.0079,0.087
28/11/2024,3,229,15,0,0,0
28/11/2024,2,231,17,2,0.0087,0.1176
28/11/2024,1,243,40,2,0.0082,0.05
28/11/2024,0,251,60,10,0.0398,0.1667
29/11/2024,23,380,66,4,0.0105,0.0606
29/11/2024,22,355,104,9,0.0254,0.0865
29/11/2024,21,467,132,12,0.0257,0.0909
29/11/2024,20,501,169,23,0.0459,0.1361
29/11/2024,19,481,190,15,0.0312,0.0789
29/11/2024,18,468,153,22,0.047,0.1438
29/11/2024,17,620,222,20,0.0323,0.0901
29/11/2024,16,778,296,41,0.0527,0.1385
29/11/2024,15,731,316,42,0.0575,0.1329
29/11/2024,14,753,334,55,0.073,0.1647
29/11/2024,13,759,324,56,0.0738,0.1728
29/11/2024,12,809,337,74,0.0915,0.2196
29/11/2024,11,896,420,82,0.0915,0.1952
29/11/2024,10,766,343,68,0.0888,0.1983
29/11/2024,9,879,410,65,0.0739,0.1585
29/11/2024,8,603,268,25,0.0415,0.0933
29/11/2024,7,390,110,7,0.0179,0.0636
29/11/2024,6,336,67,6,0.0179,0.0896
29/11/2024,5,250,37,2,0.008,0.0541
29/11/2024,4,252,20,0,0,0
29/11/2024,3,231,13,0,0,0
29/11/2024,2,243,24,0,0,0
29/11/2024,1,270,37,5,0.0185,0.1351
29/11/2024,0,298,53,6,0.0201,0.1132
30/11/2024,23,370,81,8,0.0216,0.0988
30/11/2024,22,357,105,4,0.0112,0.0381
30/11/2024,21,368,127,12,0.0326,0.0945
30/11/2024,20,403,126,13,0.0323,0.1032
30/11/2024,19,424,150,13,0.0307,0.0867
30/11/2024,18,407,124,9,0.0221,0.0726
30/11/2024,17,437,145,21,0.0481,0.1448
30/11/2024,16,463,171,30,0.0648,0.1754
30/11/2024,15,481,170,24,0.0499,0.1412
30/11/2024,14,520,217,33,0.0635,0.1521
30/11/2024,13,506,201,21,0.0415,0.1045
30/11/2024,12,593,225,30,0.0506,0.1333
30/11/2024,11,542,214,27,0.0498,0.1262
30/11/2024,10,562,218,24,0.0427,0.1101
30/11/2024,9,425,124,15,0.0353,0.121
30/11/2024,8,389,108,13,0.0334,0.1204
30/11/2024,7,319,68,4,0.0125,0.0588
30/11/2024,6,261,38,2,0.0077,0.0526
30/11/2024,5,246,27,3,0.0122,0.1111
30/11/2024,4,245,18,0,0,0
30/11/2024,3,226,22,0,0,0
30/11/2024,2,244,25,0,0,0
30/11/2024,1,242,22,2,0.0083,0.0909
30/11/2024,0,294,55,1,0.0034,0.0182
01/12/2024,23,352,121,19,0.054,0.157
01/12/2024,22,464,212,36,0.0776,0.1698
01/12/2024,21,502,250,24,0.0478,0.096
01/12/2024,20,585,322,34,0.0581,0.1056
01/12/2024,19,608,294,44,0.0724,0.1497
01/12/2024,18,554,267,31,0.056,0.1161
01/12/2024,17,551,267,32,0.0581,0.1199
01/12/2024,16,548,290,41,0.0748,0.1414
01/12/2024,15,520,273,37,0.0712,0.1355
01/12/2024,14,498,258,42,0.0843,0.1628
01/12/2024,13,483,209,32,0.0663,0.1531
01/12/2024,12,507,244,38,0.075,0.1557
01/12/2024,11,444,215,17,0.0383,0.0791
01/12/2024,10,396,190,21,0.053,0.1105
01/12/2024,9,347,132,18,0.0519,0.1364
01/12/2024,8,301,100,10,0.0332,0.1
01/12/2024,7,216,43,0,0,0
01/12/2024,6,192,27,1,0.0052,0.037
01/12/2024,5,196,24,1,0.0051,0.0417
01/12/2024,4,173,12,0,0,0
01/12/2024,3,171,15,1,0.0058,0.0667
01/12/2024,2,169,19,2,0.0118,0.1053
01/12/2024,1,182,34,2,0.011,0.0588
01/12/2024,0,254,39,4,0.0157,0.1026
02/12/2024,23,381,138,17,0.0446,0.1232
02/12/2024,22,491,235,31,0.0631,0.1319
02/12/2024,21,597,303,36,0.0603,0.1188
02/12/2024,20,668,369,54,0.0808,0.1463
02/12/2024,19,756,370,65,0.086,0.1757
02/12/2024,18,649,297,43,0.0663,0.1448
02/12/2024,17,792,404,58,0.0732,0.1436
02/12/2024,16,918,463,91,0.0991,0.1965
02/12/2024,15,929,557,87,0.0936,0.1562
02/12/2024,14,991,576,137,0.1382,0.2378
02/12/2024,13,944,511,98,0.1038,0.1918
02/12/2024,12,938,535,79,0.0842,0.1477
02/12/2024,11,1124,699,112,0.0996,0.1602
02/12/2024,10,955,498,113,0.1183,0.2269
02/12/2024,9,825,434,97,0.1176,0.2235
02/12/2024,8,693,345,49,0.0707,0.142
02/12/2024,7,330,134,16,0.0485,0.1194
02/12/2024,6,252,71,12,0.0476,0.169
02/12/2024,5,204,30,3,0.0147,0.1
02/12/2024,4,185,26,2,0.0108,0.0769
02/12/2024,3,180,23,0,0,0
02/12/2024,2,208,43,2,0.0096,0.0465
02/12/2024,1,202,48,4,0.0198,0.0833
02/12/2024,0,253,64,4,0.0158,0.0625
03/12/2024,23,354,130,18,0.0508,0.1385
03/12/2024,22,513,220,38,0.0741,0.1727
03/12/2024,21,706,366,61,0.0864,0.1667
03/12/2024,20,664,362,43,0.0648,0.1188
03/12/2024,19,661,378,39,0.059,0.1032
03/12/2024,18,655,345,53,0.0809,0.1536
03/12/2024,17,742,397,76,0.1024,0.1914
03/12/2024,16,857,505,91,0.1062,0.1802
03/12/2024,15,933,556,102,0.1093,0.1835
03/12/2024,14,914,515,101,0.1105,0.1961
03/12/2024,13,925,517,96,0.1038,0.1857
03/12/2024,12,940,506,120,0.1277,0.2372
03/12/2024,11,908,507,108,0.1189,0.213
03/12/2024,10,886,487,109,0.123,0.2238
03/12/2024,9,785,415,86,0.1096,0.2072
03/12/2024,8,938,600,30,0.032,0.05
03/12/2024,7,354,151,10,0.0282,0.0662
03/12/2024,6,276,67,4,0.0145,0.0597
03/12/2024,5,210,45,3,0.0143,0.0667
03/12/2024,4,340,166,1,0.0029,0.006
03/12/2024,3,293,83,2,0.0068,0.0241
03/12/2024,2,654,385,2,0.0031,0.0052
03/12/2024,1,208,45,3,0.0144,0.0667
03/12/2024,0,270,64,13,0.0481,0.2031
04/12/2024,23,394,123,28,0.0711,0.2276
04/12/2024,22,552,268,36,0.0652,0.1343
04/12/2024,21,572,273,42,0.0734,0.1538
04/12/2024,20,753,390,41,0.0544,0.1051
04/12/2024,19,747,390,46,0.0616,0.1179
04/12/2024,18,754,366,52,0.069,0.1421
04/12/2024,17,851,413,62,0.0729,0.1501
04/12/2024,16,978,475,76,0.0777,0.16
04/12/2024,15,1046,553,93,0.0889,0.1682
04/12/2024,14,1060,567,128,0.1208,0.2257
04/12/2024,13,937,506,105,0.1121,0.2075
04/12/2024,12,955,575,98,0.1026,0.1704
04/12/2024,11,1038,627,110,0.106,0.1754
04/12/2024,10,946,531,101,0.1068,0.1902
04/12/2024,9,812,443,68,0.0837,0.1535
04/12/2024,8,583,283,46,0.0789,0.1625
04/12/2024,7,468,199,14,0.0299,0.0704
04/12/2024,6,241,69,9,0.0373,0.1304
04/12/2024,5,214,38,1,0.0047,0.0263
04/12/2024,4,224,33,2,0.0089,0.0606
04/12/2024,3,176,32,4,0.0227,0.125
04/12/2024,2,203,35,0,0,0
04/12/2024,1,214,41,7,0.0327,0.1707
04/12/2024,0,310,101,14,0.0452,0.1386
05/12/2024,23,338,100,18,0.0533,0.18
05/12/2024,22,449,189,30,0.0668,0.1587
05/12/2024,21,561,246,33,0.0588,0.1341
05/12/2024,20,555,251,42,0.0757,0.1673
05/12/2024,19,585,286,40,0.0684,0.1399
05/12/2024,18,727,250,43,0.0591,0.172
05/12/2024,17,703,322,65,0.0925,0.2019
05/12/2024,16,763,374,69,0.0904,0.1845
05/12/2024,15,791,432,73,0.0923,0.169
05/12/2024,14,851,446,87,0.1022,0.1951
05/12/2024,13,988,451,101,0.1022,0.2239
05/12/2024,12,869,437,96,0.1105,0.2197
05/12/2024,11,891,454,107,0.1201,0.2357
05/12/2024,10,957,517,98,0.1024,0.1896
05/12/2024,9,884,468,90,0.1018,0.1923
05/12/2024,8,594,268,31,0.0522,0.1157
05/12/2024,7,440,212,15,0.0341,0.0708
05/12/2024,6,250,69,6,0.024,0.087
05/12/2024,5,191,19,0,0,0
05/12/2024,4,193,30,0,0,0
05/12/2024,3,187,21,2,0.0107,0.0952
05/12/2024,2,196,35,1,0.0051,0.0286
05/12/2024,1,226,48,4,0.0177,0.0833
05/12/2024,0,277,71,9,0.0325,0.1268
06/12/2024,23,286,75,2,0.007,0.0267
06/12/2024,22,376,139,16,0.0426,0.1151
06/12/2024,21,435,157,17,0.0391,0.1083
06/12/2024,20,418,173,14,0.0335,0.0809
06/12/2024,19,466,161,14,0.03,0.087
06/12/2024,18,520,237,32,0.0615,0.135
06/12/2024,17,619,253,49,0.0792,0.1937
06/12/2024,16,705,306,75,0.1064,0.2451
06/12/2024,15,700,354,78,0.1114,0.2203
06/12/2024,14,843,418,69,0.0819,0.1651
06/12/2024,13,799,413,77,0.0964,0.1864
06/12/2024,12,838,473,77,0.0919,0.1628
06/12/2024,11,926,470,95,0.1026,0.2021
06/12/2024,10,871,449,85,0.0976,0.1893
06/12/2024,9,811,410,70,0.0863,0.1707
06/12/2024,8,548,230,39,0.0712,0.1696
06/12/2024,7,417,161,15,0.036,0.0932
06/12/2024,6,364,48,8,0.022,0.1667
06/12/2024,5,210,29,3,0.0143,0.1034
06/12/2024,4,184,21,3,0.0163,0.1429
06/12/2024,3,170,19,2,0.0118,0.1053
06/12/2024,2,193,26,2,0.0104,0.0769
06/12/2024,1,219,38,3,0.0137,0.0789
06/12/2024,0,249,51,7,0.0281,0.1373
07/12/2024,23,287,70,3,0.0105,0.0429
07/12/2024,22,342,121,15,0.0439,0.124
07/12/2024,21,365,159,15,0.0411,0.0943
07/12/2024,20,361,125,10,0.0277,0.08
07/12/2024,19,392,131,15,0.0383,0.1145
07/12/2024,18,515,178,17,0.033,0.0955
07/12/2024,17,485,215,25,0.0515,0.1163
07/12/2024,16,485,202,41,0.0845,0.203
07/12/2024,15,503,249,38,0.0755,0.1526
07/12/2024,14,551,258,46,0.0835,0.1783
07/12/2024,13,529,254,35,0.0662,0.1378
07/12/2024,12,730,301,49,0.0671,0.1628
07/12/2024,11,593,274,45,0.0759,0.1642
07/12/2024,10,737,284,38,0.0516,0.1338
07/12/2024,9,443,180,28,0.0632,0.1556
07/12/2024,8,369,146,9,0.0244,0.0616
07/12/2024,7,320,118,2,0.0063,0.0169
07/12/2024,6,192,34,2,0.0104,0.0588
07/12/2024,5,181,23,1,0.0055,0.0435
07/12/2024,4,166,14,2,0.012,0.1429
07/12/2024,3,163,12,0,0,0
07/12/2024,2,173,25,2,0.0116,0.08
07/12/2024,1,216,41,4,0.0185,0.0976
07/12/2024,0,256,75,8,0.0313,0.1067
08/12/2024,23,350,138,17,0.0486,0.1232
08/12/2024,22,479,232,30,0.0626,0.1293
08/12/2024,21,556,294,44,0.0791,0.1497
08/12/2024,20,568,258,39,0.0687,0.1512
08/12/2024,19,549,299,49,0.0893,0.1639
08/12/2024,18,601,327,44,0.0732,0.1346
08/12/2024,17,637,307,45,0.0706,0.1466
08/12/2024,16,722,328,48,0.0665,0.1463
08/12/2024,15,630,314,51,0.081,0.1624
08/12/2024,14,594,315,45,0.0758,0.1429
08/12/2024,13,625,271,51,0.0816,0.1882
08/12/2024,12,581,294,47,0.0809,0.1599
08/12/2024,11,557,282,49,0.088,0.1738
08/12/2024,10,493,212,25,0.0507,0.1179
08/12/2024,9,382,135,20,0.0524,0.1481
08/12/2024,8,346,113,3,0.0087,0.0265
08/12/2024,7,314,127,6,0.0191,0.0472
08/12/2024,6,205,24,0,0,0
08/12/2024,5,169,24,2,0.0118,0.0833
08/12/2024,4,166,9,0,0,0
08/12/2024,3,179,15,0,0,0
08/12/2024,2,185,34,4,0.0216,0.1176
08/12/2024,1,195,38,2,0.0103,0.0526
08/12/2024,0,221,57,3,0.0136,0.0526
